[
  {
    "version": "v0.2.10.7",
    "date": "2026-01-29",
    "notes": [
      "Training check-loop now writes predictable debug artifacts to outputs/latest (check_pred.png, check_gt.png, check_pred_overlay.png, check_meta.txt).",
      "Fixed check Dice metric: empty/empty masks no longer score as ~1.0, preventing false early-stops with bogus 0.999x Dice."
    ]
  },
  {
    "version": "v0.2.10.1",
    "date": "2026-01-28",
    "notes": [
      "Fixed external model loading when checkpoint has 2 output classes (no more state_dict size mismatch).",
      "Inference now maps 2-class outputs as [pillars, walls] (3-class mapping unchanged)."
    ]
  },
  {
    "version": "v0.2.10.0",
    "date": "2026-01-28",
    "notes": [
      "Fixed RGB/BGR preprocessing mismatch between training and inference.",
      "Added support for external U-Net weights (place in models/external_model.pt). Auto-detects UNetBN vs TinyUNet.",
      "Inference overlays now render over the original (non-emphasized) image."
    ]
  },
  {
    "version": "v0.2.9.0",
    "date": "2026-01-28",
    "notes": [
      "Added tile-based inference (adjustable tile size + overlap) for more stable predictions on large scans."
    ]
  },
  {
    "version": "v0.2.8.0",
    "date": "2026-01-28",
    "notes": [
      "Show numeric values beside all prediction sliders.",
      "Infer/export overlay uses the same thresholds as the UI sliders.",
      "Help: About shows last 5 updates; Help: Release Notes shows full changelog."
    ]
  },
  {
    "version": "v0.2.7.5",
    "date": "2026-01-28",
    "notes": [
      "Fixed training pipeline crashes; main window opens maximized."
    ]
  },
  {
    "version": "v0.2.7.0",
    "date": "2026-01-28",
    "notes": [
      "Arc preview shows only arc; Esc aborts current polyline; Clear Suggested Tiles button."
    ]
  },
  {
    "version": "v0.2.6.0",
    "date": "2026-01-28",
    "notes": [
      "Tools: Export/Import Training Set; solid preview lines; Help menu added."
    ]
  },
  {
    "version": "v0.2.5.0",
    "date": "2026-01-28",
    "notes": [
      "3-point arc tool + live preview; tile list double-click fix."
    ]
  }
]